--
-- PostgreSQL database dump
--

-- Dumped from database version 15.1
-- Dumped by pg_dump version 15.1

-- Started on 2023-01-12 12:26:19

SET statement_timeout = 0;
SET lock_timeout = 0;
SET idle_in_transaction_session_timeout = 0;
SET client_encoding = 'UTF8';
SET standard_conforming_strings = on;
SELECT pg_catalog.set_config('search_path', '', false);
SET check_function_bodies = false;
SET xmloption = content;
SET client_min_messages = warning;
SET row_security = off;

SET default_tablespace = '';

SET default_table_access_method = heap;

--
-- TOC entry 214 (class 1259 OID 49426)
-- Name: category; Type: TABLE; Schema: public; Owner: postgres
--

CREATE TABLE public.category (
    id integer NOT NULL,
    title character varying,
    description character varying
);


ALTER TABLE public.category OWNER TO postgres;

--
-- TOC entry 215 (class 1259 OID 49431)
-- Name: category_id_seq; Type: SEQUENCE; Schema: public; Owner: postgres
--

ALTER TABLE public.category ALTER COLUMN id ADD GENERATED BY DEFAULT AS IDENTITY (
    SEQUENCE NAME public.category_id_seq
    START WITH 1
    INCREMENT BY 1
    NO MINVALUE
    NO MAXVALUE
    CACHE 1
);


--
-- TOC entry 216 (class 1259 OID 49432)
-- Name: post; Type: TABLE; Schema: public; Owner: postgres
--

CREATE TABLE public.post (
    id integer NOT NULL,
    user_id integer NOT NULL,
    title character varying,
    category_id integer,
    description character varying,
    created_at timestamp with time zone DEFAULT now(),
    published_at timestamp with time zone
);


ALTER TABLE public.post OWNER TO postgres;

--
-- TOC entry 217 (class 1259 OID 49438)
-- Name: post_id_seq; Type: SEQUENCE; Schema: public; Owner: postgres
--

ALTER TABLE public.post ALTER COLUMN id ADD GENERATED BY DEFAULT AS IDENTITY (
    SEQUENCE NAME public.post_id_seq
    START WITH 1
    INCREMENT BY 1
    NO MINVALUE
    NO MAXVALUE
    CACHE 1
);


--
-- TOC entry 218 (class 1259 OID 49439)
-- Name: post_user; Type: TABLE; Schema: public; Owner: postgres
--

CREATE TABLE public.post_user (
    post_id integer,
    user_id integer,
    comment character varying,
    rate integer,
    CONSTRAINT rate_check CHECK (((0 < rate) AND (rate <= 10)))
);


ALTER TABLE public.post_user OWNER TO postgres;

--
-- TOC entry 219 (class 1259 OID 49445)
-- Name: user; Type: TABLE; Schema: public; Owner: postgres
--

CREATE TABLE public."user" (
    id integer NOT NULL,
    email character varying,
    username character varying,
    password character varying,
    user_info character varying,
    created_at timestamp with time zone DEFAULT now()
);


ALTER TABLE public."user" OWNER TO postgres;

--
-- TOC entry 220 (class 1259 OID 49451)
-- Name: user_id_seq; Type: SEQUENCE; Schema: public; Owner: postgres
--

ALTER TABLE public."user" ALTER COLUMN id ADD GENERATED BY DEFAULT AS IDENTITY (
    SEQUENCE NAME public.user_id_seq
    START WITH 1
    INCREMENT BY 1
    NO MINVALUE
    NO MAXVALUE
    CACHE 1
);


--
-- TOC entry 3345 (class 0 OID 49426)
-- Dependencies: 214
-- Data for Name: category; Type: TABLE DATA; Schema: public; Owner: postgres
--

INSERT INTO public.category (id, title, description) VALUES (1, 'Health', 'Includes information about the state of being free from illness or injury both physically and mentally');
INSERT INTO public.category (id, title, description) VALUES (2, 'Traveling', 'Includes information about going from one place to another, typically over a distance of some length');
INSERT INTO public.category (id, title, description) VALUES (3, 'Movies', 'Category includes information about new and classic films of any genre, interesting facts about cast and film making process');
INSERT INTO public.category (id, title, description) VALUES (4, 'Games', 'Category includes information about game industry latest news and exciting releases');
INSERT INTO public.category (id, title, description) VALUES (5, 'Sport', 'San Antonio startup wins first BioFest Invest pitch competition');
INSERT INTO public.category (id, title, description) VALUES (6, 'Technology', 'NASA selects San Antonio firm to help build lunar landing pad with moon dust');
INSERT INTO public.category (id, title, description) VALUES (7, 'Books', 'Includes information about new book bestsellers and book forums');
INSERT INTO public.category (id, title, description) VALUES (8, 'Weather', 'Includes information about weather phenomena');


--
-- TOC entry 3347 (class 0 OID 49432)
-- Dependencies: 216
-- Data for Name: post; Type: TABLE DATA; Schema: public; Owner: postgres
--

INSERT INTO public.post (id, user_id, title, category_id, description, created_at, published_at) VALUES (1, 1, 'Vacation in Greece', 2, 'The world just got out of -let’s just say- a rough spot in history, which means it is the absolute best time to celebrate life. And what better way to do so than exercise your right to freedom by traveling around the world and making the trip of your dreams come true? 
Of course, we take for granted that you are choosing Greece for your vacation, and for that reason, here we present to you the best way to plan your trip to Greece, to make your Greece itinerary one for the books. Enjoy!', '2023-01-09 09:46:19.231469+02', '2023-01-10 02:00:00+02');
INSERT INTO public.post (id, user_id, title, category_id, description, created_at, published_at) VALUES (2, 2, 'Behind Closed Doors by B.A. Paris', 7, 'The perfect marriage? Or the perfect lie?
Everyone knows a couple like Jack and Grace. He has looks and wealth; she has charm and elegance. He’s a dedicated attorney who has never lost a case; she is a flawless homemaker, a masterful gardener and cook, and dotes on her disabled younger sister. Though they are still newlyweds, they seem to have it all. You might not want to like them, but you do...', '2023-01-09 09:54:46.546447+02', '2023-06-24 03:00:00+03');
INSERT INTO public.post (id, user_id, title, category_id, description, created_at, published_at) VALUES (3, 3, 'Game of the Year 2022: Elden Ring', 4, 'Elden Ring is an expansive fantasy Action-RPG game developed by FromSoftware, Inc. under the direction of Hidetaka Miyazaki and created in collaboration with famed author George R.R. Martin. Elden Ring is a massive iteration on what FromSoftware began with the Souls series, bringing its relentlessly challenging combat to an incredible open world that gives us the freedom to choose our own path.', '2023-01-09 13:03:09.007772+02', NULL);
INSERT INTO public.post (id, user_id, title, category_id, description, created_at, published_at) VALUES (4, 4, 'The Pale Blue Eye', 3, 'Set in 1830, it follows a young Edgar Allan Poe (Harry Melling) in his days at America’s prestigious West Point military academy. Yet to become the gothic literary icon we know him as these days, the brilliant but moody Poe turns sleuth when a fellow cadet, Leroy Fry, is murdered and his heart is removed from his chest. Other killings follow.', '2023-01-09 13:17:39.722454+02', NULL);
INSERT INTO public.post (id, user_id, title, category_id, description, created_at, published_at) VALUES (5, 5, 'Raceday Live', 5, 'Darrell Williams and Jamie Lynch present from the studio ahead of live racing from Wolverhampton this evening, with Robert Cooper on the track. US racing also takes place', '2023-01-09 21:11:46.509725+02', NULL);
INSERT INTO public.post (id, user_id, title, category_id, description, created_at, published_at) VALUES (6, 6, 'iPhone 15 Models', 6, 'Apple is expected to offer the Dynamic Island feature that made its debut on its current generation iPhone 14 Pro on all four iPhone 15 models', '2023-01-09 21:17:08.766304+02', NULL);
INSERT INTO public.post (id, user_id, title, category_id, description, created_at, published_at) VALUES (8, 8, 'Dog Patron became the hero of the animated series', 3, 'The four-legged favorite of all children of Ukraine, the dog Patron, became the hero of the adventure animated series of the same name.
In the first series, the dog Patron tells his friend cat Tom about his working day, the State Emergency Service reports on Facebook', '2023-01-10 10:29:15.532735+02', NULL);
INSERT INTO public.post (id, user_id, title, category_id, description, created_at, published_at) VALUES (9, 5, 'The perils of football', 5, 'Last October, I did a podcast with George F. Will. We got on the subject of football. About football, Will was very stern', '2023-01-10 00:00:00+02', '2023-01-20 00:00:00+02');
INSERT INTO public.post (id, user_id, title, category_id, description, created_at, published_at) VALUES (10, 5, 'The Future of Car Technology', 6, 'Color-changing cars. Flying taxis. And a gaming-style tablet that can steer a vehicle. Car companies descended on CES in Las Vegas to show off their latest ideas', '2023-01-10 22:33:20+02', '2023-01-25 00:00:00+02');
INSERT INTO public.post (id, user_id, title, category_id, description, created_at, published_at) VALUES (11, 1, 'Migraine treatment', 1, 'Migraine treatment is aimed at stopping symptoms and preventing future attacks.
Many medications have been designed to treat migraines. Medications used to combat migraines fall into two broad categories:
Pain-relieving medications. Also known as acute or abortive treatment, these types of drugs are taken during migraine attacks and are designed to stop symptoms.
Preventive medications. These types of drugs are taken regularly, often daily, to reduce the severity or frequency of migraines.
Your treatment choices depend on the frequency and severity of your headaches, whether you have nausea and vomiting with your headaches, how disabling your headaches are, and other medical conditions you have', '2021-07-25 08:15:48+03', '2021-08-25 07:40:00+03');
INSERT INTO public.post (id, user_id, title, category_id, description, created_at, published_at) VALUES (12, 1, 'Out of My Mind by Sharon M. Draper', 7, 'Melody is not like most people. She cannot walk or talk, but she has a photographic memory; she can remember every detail of everything she has ever experienced. She is smarter than most of the adults who try to diagnose her and smarter than her classmates in her integrated classroom - the very same classmates who dismiss her as mentally challenged because she cannot tell them otherwise. But Melody refuses to be defined by cerebral palsy. And she is determined to let everyone know it - somehow', '2021-10-25 08:17:48+03', '2021-12-12 07:45:00+02');
INSERT INTO public.post (id, user_id, title, category_id, description, created_at, published_at) VALUES (7, 7, 'Weather in Lviv today', 8, 'Cloudy weather will last in Lviv all day. In the evening, the rain, which will go almost all day, gradually weakening, will stop', '2023-01-10 10:21:30.076715+02', '2023-01-11 00:00:00+02');
INSERT INTO public.post (id, user_id, title, category_id, description, created_at, published_at) VALUES (13, 2, 'Venom(2018)', 3, 'Venom is a 2018 American superhero film featuring the Marvel Comics character of the same name, produced by Columbia Pictures in association with Marvel[5] and Tencent Pictures, and distributed by Sony Pictures Releasing. It is the first film in Spider-Man Universe (SSU) and is directed by Ruben Fleischer from a screenplay by Jeff Pinkner, Scott Rosenberg, and Kelly Marcel. It stars Tom Hardy as Eddie Brock and Venom alongside Michelle Williams, Riz Ahmed, Scott Haze, and Reid Scott. In the film, struggling journalist Brock gains superpowers after becoming the host of an alien symbiote, Venom, whose species plans to invade Earth.', '2021-01-11 02:00:00+02', '2022-01-12 02:00:00+02');
INSERT INTO public.post (id, user_id, title, category_id, description, created_at, published_at) VALUES (14, 4, 'Silent Hill 2 remake', 4, 'So far, Silent Hill 2 remake has been announced for PS5 and PC. These are the only platforms listed in the announcement trailer, and the game won’t be coming to Xbox at launch.', '2023-01-09 13:03:09.007772+02', '2023-02-12 00:00:00+02');
INSERT INTO public.post (id, user_id, title, category_id, description, created_at, published_at) VALUES (15, 3, 'The Super Mario Bros. Movie', 3, 'The Super Mario Bros. Movie is an upcoming computer-animated fantasy adventure comedy film based on Nintendo Mario video game franchise; Nintendo also co-produced the film with Illumination and its distributor Universal Pictures.', '2022-01-09 13:03:09.007772+02', '2022-01-13 00:00:00+02');


--
-- TOC entry 3349 (class 0 OID 49439)
-- Dependencies: 218
-- Data for Name: post_user; Type: TABLE DATA; Schema: public; Owner: postgres
--

INSERT INTO public.post_user (post_id, user_id, comment, rate) VALUES (1, 3, 'Great! Definitely would take a trip to Greece', 10);
INSERT INTO public.post_user (post_id, user_id, comment, rate) VALUES (2, 4, 'Thrilling, I definitely recommend to read this masterpiece', 9);
INSERT INTO public.post_user (post_id, user_id, comment, rate) VALUES (2, 3, 'The ending was pretty disappointing', 4);
INSERT INTO public.post_user (post_id, user_id, comment, rate) VALUES (1, 4, 'Nature and views were awesome and i really liked seafood))', 8);
INSERT INTO public.post_user (post_id, user_id, comment, rate) VALUES (4, 4, 'Best RPG I have ever played', 10);
INSERT INTO public.post_user (post_id, user_id, comment, rate) VALUES (4, 3, 'Interesting movie and Bale as always the best!!', 7);
INSERT INTO public.post_user (post_id, user_id, comment, rate) VALUES (4, 4, 'I expected much more', 3);
INSERT INTO public.post_user (post_id, user_id, comment, rate) VALUES (5, 3, 'Breathtaking', 10);
INSERT INTO public.post_user (post_id, user_id, comment, rate) VALUES (5, 4, 'Love racing, but commentators are just too loud for me', 6);
INSERT INTO public.post_user (post_id, user_id, comment, rate) VALUES (6, 3, 'Shut up and take my money!!!', 10);
INSERT INTO public.post_user (post_id, user_id, comment, rate) VALUES (6, 4, 'Apple products are way too overrated', 2);
INSERT INTO public.post_user (post_id, user_id, comment, rate) VALUES (7, 3, 'I should go for a walk', 10);
INSERT INTO public.post_user (post_id, user_id, comment, rate) VALUES (7, 4, 'It is time for cocoa and Netflix', 10);
INSERT INTO public.post_user (post_id, user_id, comment, rate) VALUES (8, 3, 'Yes! There you go, boyyy!', 10);
INSERT INTO public.post_user (post_id, user_id, comment, rate) VALUES (8, 4, 'Kids will be happy to see it', 8);
INSERT INTO public.post_user (post_id, user_id, comment, rate) VALUES (1, 2, 'Guess I know where I go this summer', 10);
INSERT INTO public.post_user (post_id, user_id, comment, rate) VALUES (2, 1, 'This book defenetly keep me in suspense', 8);
INSERT INTO public.post_user (post_id, user_id, comment, rate) VALUES (3, 2, NULL, 6);
INSERT INTO public.post_user (post_id, user_id, comment, rate) VALUES (5, 1, NULL, 9);
INSERT INTO public.post_user (post_id, user_id, comment, rate) VALUES (7, 7, 'Oh God!It is raining again!', 5);
INSERT INTO public.post_user (post_id, user_id, comment, rate) VALUES (7, 8, 'Super! I love the rain!', 10);
INSERT INTO public.post_user (post_id, user_id, comment, rate) VALUES (8, 7, 'Wonderfully! I love this dog!', 10);
INSERT INTO public.post_user (post_id, user_id, comment, rate) VALUES (8, 8, 'This dog is a national hero. I will watch this cartoon!', 10);
INSERT INTO public.post_user (post_id, user_id, comment, rate) VALUES (1, 5, 'The journey was great', 9);
INSERT INTO public.post_user (post_id, user_id, comment, rate) VALUES (2, 5, 'The story was extraordinary', 7);
INSERT INTO public.post_user (post_id, user_id, comment, rate) VALUES (3, 5, 'I liked this game! I spent so much time on it', 8);
INSERT INTO public.post_user (post_id, user_id, comment, rate) VALUES (4, 5, 'This film impressed me a lot!', 7);
INSERT INTO public.post_user (post_id, user_id, comment, rate) VALUES (7, 5, 'it is not true', 6);
INSERT INTO public.post_user (post_id, user_id, comment, rate) VALUES (8, 5, 'I would like see it', 7);
INSERT INTO public.post_user (post_id, user_id, comment, rate) VALUES (1, 6, 'It sounds good', 8);
INSERT INTO public.post_user (post_id, user_id, comment, rate) VALUES (2, 6, NULL, 5);
INSERT INTO public.post_user (post_id, user_id, comment, rate) VALUES (3, 6, 'I would like to try it with my friends', 10);
INSERT INTO public.post_user (post_id, user_id, comment, rate) VALUES (4, 6, 'I  do not like this kind of film', 5);
INSERT INTO public.post_user (post_id, user_id, comment, rate) VALUES (7, 6, NULL, 4);
INSERT INTO public.post_user (post_id, user_id, comment, rate) VALUES (8, 6, 'I adore dogs!', 9);


--
-- TOC entry 3350 (class 0 OID 49445)
-- Dependencies: 219
-- Data for Name: user; Type: TABLE DATA; Schema: public; Owner: postgres
--

INSERT INTO public."user" (id, email, username, password, user_info, created_at) VALUES (1, 'kudyksofa@gmail.com', 'SofiaKudyk', '123456qs', 'Nationality: ukrainian, sex:female, birth date: 24.06.2004', '2023-01-06 12:39:07.218002+02');
INSERT INTO public."user" (id, email, username, password, user_info, created_at) VALUES (2, 'sofiia.kudyk@lnu.edu.ua', 'SonyaK', 'sofia24', 'Nationality: ukrainian, sex:female, birth date: 24.06.2004', '2023-01-06 12:41:18.819544+02');
INSERT INTO public."user" (id, email, username, password, user_info, created_at) VALUES (3, 'samantha123@gmail.com', 'sammylee', '675sQ', 'Journalist from L. A., freelancer', '2023-01-07 17:18:09.579412+02');
INSERT INTO public."user" (id, email, username, password, user_info, created_at) VALUES (4, 'kikaas@gmail.com', 'nastykika', 'tyU098', 'Editor, Dnipro, UA', '2023-01-07 17:18:15.110018+02');
INSERT INTO public."user" (id, email, username, password, user_info, created_at) VALUES (5, 'Jan@gmail.com', 'Jan', '1111', 'Nationality: ukrainian, sex:female, birth date: 01.02.91', '2023-01-07 17:21:16.320246+02');
INSERT INTO public."user" (id, email, username, password, user_info, created_at) VALUES (6, 'nlotot@gmail.com', 'NLotot', 'nata', 'Nationality: ukrainian, sex:female, birth date: 01.01.81', '2023-01-07 17:21:20.336824+02');
INSERT INTO public."user" (id, email, username, password, user_info, created_at) VALUES (7, 'marta@gmail.com', 'MartaF', '1234', 'Nationality: ukrainian, sex:female, birth date: 25-04-1992', '2023-01-07 18:01:57.451514+02');
INSERT INTO public."user" (id, email, username, password, user_info, created_at) VALUES (8, 'vgfj@gmail.com', 'Lion', '3456', 'Nationality: ukrainian, sex:male, birth date: 25-09-1987', '2023-01-07 18:03:40.461008+02');


--
-- TOC entry 3357 (class 0 OID 0)
-- Dependencies: 215
-- Name: category_id_seq; Type: SEQUENCE SET; Schema: public; Owner: postgres
--

SELECT pg_catalog.setval('public.category_id_seq', 3, true);


--
-- TOC entry 3358 (class 0 OID 0)
-- Dependencies: 217
-- Name: post_id_seq; Type: SEQUENCE SET; Schema: public; Owner: postgres
--

SELECT pg_catalog.setval('public.post_id_seq', 2, true);


--
-- TOC entry 3359 (class 0 OID 0)
-- Dependencies: 220
-- Name: user_id_seq; Type: SEQUENCE SET; Schema: public; Owner: postgres
--

SELECT pg_catalog.setval('public.user_id_seq', 2, true);


--
-- TOC entry 3191 (class 2606 OID 49453)
-- Name: category category_pkey; Type: CONSTRAINT; Schema: public; Owner: postgres
--

ALTER TABLE ONLY public.category
    ADD CONSTRAINT category_pkey PRIMARY KEY (id);


--
-- TOC entry 3193 (class 2606 OID 49455)
-- Name: category category_title; Type: CONSTRAINT; Schema: public; Owner: postgres
--

ALTER TABLE ONLY public.category
    ADD CONSTRAINT category_title UNIQUE (title);


--
-- TOC entry 3195 (class 2606 OID 49457)
-- Name: post post_pkey; Type: CONSTRAINT; Schema: public; Owner: postgres
--

ALTER TABLE ONLY public.post
    ADD CONSTRAINT post_pkey PRIMARY KEY (id);


--
-- TOC entry 3197 (class 2606 OID 49459)
-- Name: user user_email_key; Type: CONSTRAINT; Schema: public; Owner: postgres
--

ALTER TABLE ONLY public."user"
    ADD CONSTRAINT user_email_key UNIQUE (email);


--
-- TOC entry 3199 (class 2606 OID 49461)
-- Name: user user_pkey; Type: CONSTRAINT; Schema: public; Owner: postgres
--

ALTER TABLE ONLY public."user"
    ADD CONSTRAINT user_pkey PRIMARY KEY (id);


--
-- TOC entry 3200 (class 2606 OID 49462)
-- Name: post post_category_id_fkey; Type: FK CONSTRAINT; Schema: public; Owner: postgres
--

ALTER TABLE ONLY public.post
    ADD CONSTRAINT post_category_id_fkey FOREIGN KEY (category_id) REFERENCES public.category(id);


--
-- TOC entry 3201 (class 2606 OID 49467)
-- Name: post_user post_user_post_id_fkey; Type: FK CONSTRAINT; Schema: public; Owner: postgres
--

ALTER TABLE ONLY public.post_user
    ADD CONSTRAINT post_user_post_id_fkey FOREIGN KEY (post_id) REFERENCES public.post(id);


--
-- TOC entry 3202 (class 2606 OID 49472)
-- Name: post_user post_user_user_id_fkey; Type: FK CONSTRAINT; Schema: public; Owner: postgres
--

ALTER TABLE ONLY public.post_user
    ADD CONSTRAINT post_user_user_id_fkey FOREIGN KEY (user_id) REFERENCES public."user"(id);


-- Completed on 2023-01-12 12:26:19

--
-- PostgreSQL database dump complete
--

